{
    "video_info": {
        "width": 2560,
        "height": 1440,
        "cctv_name": "simpang_tajur"
    },
    "zones": [
        [
            [
                0.119921875,
                0.6208333333333333
            ],
            [
                0.346484375,
                0.3111111111111111
            ],
            [
                0.43125,
                0.3548611111111111
            ],
            [
                0.2359375,
                0.7506944444444444
            ]
        ]
    ]
}