{
    "video_info": {
        "width": 1920,
        "height": 1080,
        "cctv_name": "btm_kota_bogor"
    },
    "zones": [
        [
            [
                0.30364583333333334,
                0.3731481481481482
            ],
            [
                0.3875,
                0.32592592592592595
            ],
            [
                0.6567708333333333,
                0.5574074074074075
            ],
            [
                0.5223958333333333,
                0.6759259259259259
            ]
        ]
    ]
}