{
    "video_info": {
        "width": 1920,
        "height": 1080,
        "cctv_name": "simpang_btm"
    },
    "zones": [
        [
            [
                0.03802083333333333,
                0.700925925925926
            ],
            [
                0.31145833333333334,
                0.4722222222222222
            ],
            [
                0.39895833333333336,
                0.5166666666666667
            ],
            [
                0.19010416666666666,
                0.8379629629629629
            ]
        ]
    ]
}